0.306712274,0.14926631,247286.1094,-0.000570399
0.301022127,0.147613164,254754.0938,0.001490741
0.290948536,0.158591459,267241.125,-0.045488928
0.28518144,0.167365681,281354.3125,-0.089625133
0.258865995,0.132754674,272786.1563,-0.048423201
0.262452567,0.117957155,273733.375,-0.0480192
0.258160824,0.108686154,285256.8438,-0.036606447
0.263455713,0.083773125,287133.8438,0.020086172
0.267067816,0.103287572,302034.5,0.002311925
0.264302281,0.112463204,312480.3438,-0.00599548
0.284124191,0.111181886,322915.1875,0.01440329
0.289724145,0.096142359,338980.3438,0.023806221
0.265671137,0.05999588,330555.7188,0.056416018
0.260442651,0.083723738,349810.7188,0.08173197
0.27049473,0.093237844,362891,0.052882353
0.281768295,0.07134963,374816.0313,0.069213691
0.279584884,0.058902458,382461.75,0.084363407
0.277739605,0.08410544,412996.0625,0.077051232
0.287019693,0.093930361,443629.8125,0.056531944
0.276690273,0.081070329,462313.1875,0.099469012
0.24571302,0.040840643,457648.375,0.087882235
0.228367076,0.013069719,459064.5625,0.075113452
0.234777953,0.031266238,477642.25,0.039364869
0.239442649,0.044962651,498137.8438,0.028584489
0.250954348,0.036355941,525318.4375,0.028589109
0.241354763,0.044324186,552598.4375,0.048832052
0.240287055,0.057798531,578234.9375,0.057550785
0.251592313,0.052506473,605540,0.041376832
0.254426731,0.042835749,632157.0625,0.032823454
0.259975964,0.049982238,664371.875,0.005343351
0.232573983,0.041092456,675432.0625,0.018676905
0.243391919,0.051708502,700850,0.012493561
0.260670395,0.04587774,722950.5,0.019743061
0.265873287,0.053053807,755897.1875,0.029020681
0.27022306,0.04559704,782117.5625,0.025874539
0.280082888,0.054768453,809225.4375,0.019571032
0.277502207,0.053291216,845524.8125,0.039241586
0.28741976,0.060982738,881446.875,0.023898208
0.28185074,0.080424528,902289.8125,0.024384817
0.277205998,0.058937594,906016.4375,0.009010851
0.266828413,0.079068831,956437.5,0.0145
0.279795219,0.091370419,985459.75,0.024881413
0.283045363,0.083140156,988637.5625,0.005456621
0.273244902,0.07375184,1006175.563,0.000116063
0.266535396,0.054551717,1017429.375,0.009961044
NaN,NaN,NaN,NaN
NaN,NaN,NaN,NaN
NaN,NaN,NaN,NaN
NaN,NaN,NaN,NaN
NaN,NaN,NaN,NaN
NaN,NaN,NaN,NaN
NaN,NaN,NaN,NaN
NaN,NaN,NaN,NaN
NaN,NaN,NaN,NaN
NaN,NaN,NaN,NaN
NaN,NaN,NaN,NaN
NaN,NaN,NaN,NaN
NaN,NaN,NaN,NaN
NaN,NaN,NaN,NaN
NaN,NaN,NaN,NaN
NaN,NaN,NaN,NaN
NaN,NaN,NaN,NaN
NaN,NaN,NaN,NaN
NaN,NaN,NaN,NaN
NaN,NaN,NaN,NaN
NaN,NaN,NaN,NaN
NaN,NaN,NaN,NaN
NaN,NaN,NaN,NaN
NaN,NaN,NaN,NaN
NaN,NaN,NaN,NaN
0.254298393,0.081052088,246072.7969,0.011565624
0.259219114,0.078228547,251628.1094,0.011998088
0.255271954,0.079624024,263043.0313,0.015814144
0.255832064,0.082725657,277555.6875,0.019389027
0.250416519,0.082416502,286629.9063,0.005945443
0.256977191,0.084931237,297685.6563,0.020862393
0.248403467,0.078561173,292992.7813,0.014573358
0.235551771,0.093644362,299323.7813,0.013944213
0.241655611,0.086576132,300417.7813,-0.000690444
0.236400138,0.091927703,310371.625,-0.003070893
0.23111657,0.085641222,311519.0938,0.008050082
0.226734365,0.100953925,328190.0625,0.013310133
0.229979319,0.117221008,343158.25,0.007891846
0.233779018,0.118668859,353266.9375,0.01988334
0.224824203,0.071135058,349695.5625,-0.008122582
0.216421413,0.08295885,356454.5625,-0.0227
0.224922389,0.087279266,373419.5625,-0.014789387
0.226807705,0.081503041,392421.3125,-0.012532127
0.231363701,0.075584658,402644.2188,-0.013525938
0.227387766,0.079653651,406635.5625,-0.008526258
0.270499686,0.171484375,154872.4219,0.021542502
0.262974107,0.159352715,159997.8438,0.000537757
0.254128109,0.15694441,170599.1094,-0.019444444
0.254746293,0.154710309,183843.2656,-0.049123377
0.270277376,0.158507216,190273.6406,-0.040381844
0.267093484,0.1234572,186394.25,-0.031344618
0.261476061,0.133338205,198701.0313,0.018592332
0.256318903,0.111923456,202897.3438,0.045476646
0.256320991,0.109292024,210816.4063,0.015282427
0.244684278,0.088668212,218437.8281,0.038416771
0.249375538,0.058465234,227267.2031,0.043726825
0.216605851,0.024094769,212572.875,0.06277802
0.203919644,0.016430492,205623.3594,0.038385479
0.188094301,0.013834632,199350.9375,0.03647541
0.184541215,0.031342426,199802.7344,0.061304957
0.189112304,0.033354745,197971.875,0.084638801
0.187541416,0.046490046,208769.7344,0.064498681
0.191993211,0.056372073,217600.0625,0.058307892
0.211756683,0.085593066,234993.5781,0.046360353
0.229449401,0.097104235,249226.8438,0.068097758
0.240941938,0.100159643,259741.7344,0.072795335
0.224979581,0.089527828,265404.4688,0.060798221
0.222030305,0.092311945,274541.4688,0.049884342
0.214192682,0.09977652,276597.5625,0.028812509
0.208971934,0.111829926,287640.2188,0.030250338
0.213325079,0.106915356,298082.5,0.009463929
0.212987747,0.093812227,299984.4688,0.008666536
0.219507986,0.107532449,317602.375,0.017985986
0.219361167,0.105049256,327893.9688,0.016292664
0.222617576,0.109157092,341806.9688,0.004559194
0.224903378,0.110157152,364033.5625,0.022813191
0.224159857,0.096908062,366889.5625,0.016079048
0.206620253,0.096122735,376542.3125,0.011580189
0.20439999,0.089429197,368424.7188,-0.00089379
0.213524109,0.096842768,375420.1875,-0.007856737
0.221580128,0.094079575,378760.6875,0.004579646
0.223454213,0.095946269,391103.9375,0.016743099
0.232355612,0.104405694,411561.4375,-0.00493063
0.239757559,0.083840301,422802.9063,0.025510673
0.22587813,0.031317646,422131.9063,-0.011867975
0.218199895,0.071426811,445068.2813,-0.0253
0.225826022,0.047912721,459961.875,-0.018397566
0.226255484,0.050067097,476869.4063,-0.003582934
0.221932908,0.035010416,484504.25,-0.000937065
0.228654406,0.03479747,490229.7813,-0.005054527
0.217399111,0.068307471,398512.625,0.031346705
0.225843876,0.068576909,418952.375,-0.000410864
0.223586733,0.071342936,444021.375,-0.028523392
0.229849499,0.08538529,482286.2188,-0.036195652
0.239159283,0.090219036,510333.4375,-0.020343137
0.24741557,0.069179576,514823.8438,0.014778761
0.239543975,0.073284064,547177.5625,0.004940142
0.233276674,0.063945493,559669.75,-0.014019744
0.229640739,0.060783487,576510.875,0.016215013
0.233533019,0.071294157,606896.625,0.037988925
0.237310427,0.068642048,619262,0.04802978
0.251039848,0.069522038,635159.75,0.0386508
0.226507538,0.033285674,609934.0625,0.044438251
0.211048128,0.040789533,633422.25,0.056869408
0.202360492,0.054521199,674863.5625,0.06219208
0.207876324,0.052829393,712629,0.05310233
0.211240347,0.03629898,726674.8125,0.041228777
0.219521407,0.053031336,769157.75,0.046457119
0.227190539,0.063404767,817613.5625,0.061659117
0.230490295,0.053367134,847498.75,0.077043872
0.217830669,0.02471295,845299.625,0.061757187
0.203367022,-0.00190203,824521.25,0.061638063
0.194507408,-0.014512185,831972.5,0.055155956
0.187174997,-0.00414312,857152.375,0.039193682
0.19454799,0.017866846,905895.9375,0.052690867
0.184059071,0.038484969,947797.0625,0.042202248
0.188684551,0.042235739,970836.4375,0.016259005
0.203673628,0.049191173,1015665.313,0.035076041
0.206260569,0.04007703,1040499.938,0.035144206
0.202599218,0.056860629,1100127.375,0.022779729
0.196648161,0.088209147,1167052,0.034722188
0.202229714,0.072315334,1166188.25,0.002489281
0.20046038,0.062862562,1173454,0.00239371
0.20083259,0.070321479,1211093.625,0.011410111
0.20945884,0.091301839,1260985.5,0.00535444
0.219074711,0.100268308,1311424.25,0.014967338
0.229521775,0.099099522,1343928,0.023653005
0.234002232,0.094259284,1376869.875,0.021277563
0.235274722,0.087387011,1404807.25,0.014539608
0.223634571,0.014183678,1310933.75,-0.012811705
0.235165119,0.031283955,1371810.5,-0.0166
0.235655151,0.05028812,1423920.375,-0.002658877
0.245532717,0.047570013,1447882,0.003119317
0.242473509,0.052940374,1478438.625,-0.006561166
0.241727543,0.053933278,1507209,0.001239996
0.252323021,0.112153744,95429.6875,0.031660947
0.246853305,0.113008456,97706.60156,0.009500649
0.258186796,0.142537594,102178.7422,-0.023122337
0.257023749,0.144623233,108109.25,-0.06311804
0.248333365,0.109838787,103689.25,0.004394013
0.223279472,0.076306471,102745.1016,-0.015348171
0.241938537,0.080657059,110249.9688,-0.011156023
0.234363341,0.081074736,112603.7656,-0.010036377
0.230003875,0.086764914,116525.6172,-0.016230159
0.223359455,0.061257097,120214.4688,-0.013076923
0.204526178,0.030801048,118188.0859,-0.007915659
0.172215164,-0.002591414,112968.8359,0.009086977
0.178817761,-0.002187294,114206.5625,0.030816237
0.181279379,0.015831461,115101.1328,0.006925903
0.19010372,0.038516795,118108.6953,0.023341014
0.206684188,0.04246535,121082.7344,0.032942579
0.225843162,0.054659962,130491.7813,0.030021228
0.223788025,0.054323557,131776.9219,0.024584113
0.208450538,0.053187865,131754.875,0.022164009
0.207681561,0.052477336,133756.7188,0.043447205
0.20416524,0.063191101,136814.6563,0.061251702
0.195756335,0.048590994,138303.9219,0.074018913
0.186848737,0.054864228,142836.5313,0.082554269
0.180592504,0.039174417,141699.1875,0.042488565
0.183010734,0.044874267,150544.1719,0.028979821
0.194748008,0.059455871,156943.3125,0.021500823
0.196048984,0.062932435,162688.8125,0.010454026
0.208151089,0.071594908,174439.5469,0.016454689
0.215661541,0.064883456,183221.8594,0.010206612
0.209199844,0.072693897,187980.375,0.000766129
0.215076056,0.084030441,197122.4844,0.023993634
0.213033512,0.089461665,196585.125,0.008337321
0.20638941,0.079442178,200100.9063,0.00769367
0.206994114,0.075915033,192003.0938,0.008330855
0.206626689,0.081357184,200368.4375,0.001906593
0.211733536,0.095009786,199497.3281,0.003617405
0.232727402,0.110160142,213214.2813,0.017884552
0.235134241,0.09617706,222608.5313,0.00602358
0.229439291,0.087349775,230673.0625,0.021731626
0.201688826,0.043555036,223120.5313,-0.013017903
0.181136612,0.069305427,232933.1719,-0.0201
0.181582302,0.081627459,238382.6875,-0.016439276
0.187777111,0.082033159,245297.9219,-0.007888234
0.190524114,0.101497297,250758.9844,-0.005657709
0.191573166,0.119497485,253681.0938,-0.004500703
0.27891425,0.179225308,69507.96875,0.005358255
0.29203452,0.16921682,70594.66406,0.013310168
0.296604245,0.160932945,75064.28906,-0.032397611
0.306268535,0.175582881,80729.89844,-0.074166667
0.317610996,0.185896217,83180.57031,-0.085676067
0.334517848,0.132946076,82659.60938,-0.050676734
0.298862283,0.111808439,82584.84375,-0.034310176
0.2917251,0.089612676,81724.75781,0.004695207
0.258713283,0.09325002,83489.22656,-0.002266355
0.251974184,0.118898151,90679.63281,-0.031041979
0.272994478,0.12273618,94355.98438,-0.027596722
0.271040059,0.109019793,94028.07813,-0.002966539
0.273983797,0.09619201,95462.41406,0.00135647
0.277715003,0.088951664,96638.89844,0.024278642
0.263019178,0.099293432,99172.28906,0.036309681
0.266329244,0.0878099,100419.875,0.060944742
0.261125279,0.0849219,104912.6094,0.029293262
0.269014479,0.077179673,109879.5469,0.018901465
0.281600959,0.100515934,119018.7734,0.01365004
0.305414936,0.092727717,126723.9141,0.023966439
0.296593781,0.062553566,126521.7891,0.043852344
0.258538212,-0.029288655,115363.5781,0.059055653
0.222045444,-0.058725781,110967.5156,0.074035639
0.191386388,-0.045377152,109856.1172,0.044091376
0.186453376,-0.00152036,117262.6875,0.042597753
0.192743212,0.054679573,128411.4297,0.042640352
0.20505585,0.049794239,130361.5547,0.028130935
0.213729704,0.086916867,143707.8906,0.025924188
0.222250835,0.104334535,157114.6563,0.023432972
0.224403772,0.118646739,164523.2969,-0.003702455
0.230858426,0.137273321,173109.3281,0.02188286
0.229027188,0.142359645,175190.625,0.016832425
0.216273628,0.130690746,175224.7188,0.018781019
0.218065699,0.100376726,173135.7656,0.018116135
0.222953489,0.11548048,182675.6094,0.011372636
0.229574115,0.10344492,184661.4219,0.006818456
0.227872594,0.107853361,191941,0.009951414
0.241730266,0.122379197,208536.9063,-0.000657257
0.243894255,0.098523058,217967.6094,0.025
0.227516033,0.036623966,207160.8438,-0.002145749
0.218776056,0.041854623,209818.7656,-0.0242
0.222376301,0.034637246,219265.8125,-0.018040998
0.223281096,0.01427978,222186.2969,-0.007266742
0.211878744,0.003363857,221818.6094,-0.007973631
0.205549121,0.004414184,221382.4844,0.002609705
0.25590136,NaN,854642,0.032912196
0.257979914,NaN,906397.0625,-0.001973709
0.259074185,NaN,958438.375,-0.024269306
0.261617289,NaN,1030232.938,-0.047280336
0.267606304,NaN,1053729.375,0.011957143
0.253477857,NaN,1056546,-0.017167486
0.249229182,NaN,1109165.625,-0.009267807
0.240323959,NaN,1151036,-0.001637845
0.235892229,0.102943111,1213533.375,-0.02682369
0.235147585,0.101592269,1263706.75,-0.045020607
0.243504681,0.08830986,1275347.5,-0.014805089
0.238396398,0.061388817,1236609.375,0.033136986
0.231675375,0.048304964,1236663.75,0.054306524
0.218632815,0.044007806,1224400.75,0.048581882
0.212158704,0.043556806,1208699.125,0.058930491
0.211024459,0.04319081,1201558.25,0.074006623
0.211416708,0.058037254,1259292.375,0.044585848
0.217576326,0.054091114,1295888.5,0.052747959
0.225163646,0.068416171,1370168.125,0.040216769
0.230544657,0.077699604,1432050.625,0.056884843
0.232704248,0.076625667,1479395.375,0.066303779
0.230641903,0.064713539,1492151.125,0.071230009
0.219671001,0.061024365,1518404.5,0.08251474
0.205930143,0.046210219,1507899.375,0.070827203
0.203121352,0.051422647,1548618.625,0.039253083
0.199644562,0.057341953,1583274.5,0.043408316
0.197546368,0.054811549,1610066.25,0.025071631
0.19414821,0.068773808,1705582.375,0.026437059
0.198003203,0.081419601,1821831.375,0.028594897
0.207034859,0.089144763,1892393.875,0.013010001
0.214170442,0.085369113,1995740.125,0.031267773
0.2142385,0.081102323,2068834,0.013262504
0.208688802,0.067618248,2101828.25,0.006452185
0.209478466,0.061033151,2004098.375,-0.001398163
0.212804251,0.064466085,2064718,0.002669738
0.217227302,0.058787976,2105672.25,0.005680593
0.22388733,0.061344642,2181809.25,0.020155339
0.231313121,0.065013594,2317900,0.011789782
0.235550267,0.055682541,2352973.25,0.024187074
0.220379708,0.018575392,2327730.75,-0.005331506
0.220701123,0.024407538,2385584.75,-0.0112
0.22413907,0.031442482,2458600,-0.009486878
0.224782923,0.016692949,2486335,-0.001144703
0.220620105,0.014098523,2584486.75,-0.002642367
0.218415922,0.01262124,2602646.25,0.000121033
NaN,NaN,NaN,NaN
NaN,NaN,NaN,NaN
NaN,NaN,NaN,NaN
NaN,NaN,NaN,NaN
NaN,NaN,NaN,NaN
NaN,NaN,NaN,NaN
NaN,NaN,NaN,NaN
NaN,NaN,NaN,NaN
NaN,NaN,NaN,NaN
NaN,NaN,NaN,NaN
NaN,NaN,NaN,NaN
NaN,NaN,NaN,NaN
NaN,NaN,NaN,NaN
NaN,NaN,NaN,NaN
NaN,NaN,NaN,NaN
NaN,NaN,NaN,NaN
NaN,NaN,NaN,NaN
NaN,NaN,NaN,NaN
NaN,NaN,NaN,NaN
NaN,NaN,NaN,NaN
NaN,NaN,NaN,NaN
NaN,NaN,NaN,NaN
NaN,NaN,NaN,NaN
NaN,NaN,NaN,NaN
NaN,NaN,NaN,NaN
NaN,NaN,NaN,NaN
NaN,NaN,NaN,NaN
NaN,NaN,NaN,NaN
NaN,NaN,NaN,NaN
NaN,NaN,NaN,NaN
NaN,NaN,NaN,NaN
NaN,NaN,NaN,NaN
NaN,NaN,NaN,NaN
NaN,NaN,NaN,NaN
NaN,NaN,NaN,NaN
NaN,NaN,NaN,NaN
NaN,NaN,NaN,NaN
NaN,NaN,NaN,NaN
NaN,NaN,NaN,NaN
NaN,NaN,NaN,NaN
NaN,NaN,NaN,NaN
NaN,NaN,NaN,NaN
NaN,NaN,NaN,NaN
NaN,NaN,NaN,NaN
NaN,NaN,NaN,NaN
NaN,NaN,NaN,NaN
NaN,NaN,NaN,NaN
NaN,NaN,NaN,NaN
NaN,NaN,NaN,NaN
NaN,NaN,NaN,NaN
NaN,NaN,NaN,NaN
NaN,NaN,NaN,NaN
NaN,NaN,NaN,NaN
NaN,NaN,NaN,NaN
NaN,NaN,NaN,NaN
NaN,NaN,NaN,NaN
NaN,NaN,NaN,NaN
NaN,NaN,NaN,NaN
0.271272156,-0.000393113,132021.7813,0.020205913
0.21940423,-0.000442534,134285.1094,0.012486631
0.235680925,-0.000466321,138980.4219,-0.02519432
0.245042136,-0.000433595,145787.5781,0.040965978
0.231785164,-0.000307917,145537,0.069822547
0.230985624,-0.00041121,156754.0156,0.052528736
0.241853757,-0.000345993,164930.2813,-0.013718674
0.247857015,-0.000352835,169355.125,-0.004761585
0.242009245,-0.000392822,181304.1563,0.031202923
0.228472563,-0.000370696,186621.7969,0.045930148
0.217339721,-0.000315505,189464.5781,0.105820437
0.200011063,-0.000350788,200127.9531,0.115550459
0.199570686,-0.00029135,210839.9844,0.098070175
0.207918037,-0.00027499,218703.6406,0.109543538
0.201937809,-0.000292875,236421.6406,0.097373637
0.237157274,-0.00028567,248474.5625,0.096103168
0.245016328,-0.000252784,254399.7344,0.086549061
0.246412165,-0.000219821,261260.4688,0.047246653
0.247367936,0.00034318,275822.1563,-0.00380761
0.236024972,-0.003116014,294089.625,-0.007794118
0.253247776,-0.000437141,299007.875,-0.008971029
0.243950207,-0.000469449,316605.5938,-0.015436893
0.208289512,-0.00564983,304389.6563,-0.009497187
0.236858749,-0.004502871,330175.3125,0.006039182
0.260118507,-0.028754378,345324.9375,-0.001501104
0.238137324,-0.063651391,357975.4688,0.01291861
0.207914795,-0.100377209,351400.4063,-0.037120419
0.17563038,-0.110643626,326483.8125,-0.0233
0.152669343,-0.130276435,293995.3438,-0.005000484
0.126252615,-0.107957993,284763.625,0.016653318
0.121574032,-0.099604218,287361.0313,0.015683218
0.115906946,-0.098066213,285915.3125,0.017857387
0.277171425,0.10212766,3395.394043,-0.023923077
0.334136738,0.117056856,4158.945313,-0.018428571
0.323769051,0.110519308,4139.179688,-0.147
0.353481169,0.134724858,4749.852539,-0.381444444
0.374093641,0.106840391,5072.349121,-0.427
0.364214582,0.086718393,4854.563965,-0.234692308
0.31781086,0.115509409,4948.98877,-0.24072549
0.307704762,0.12963379,5716.598145,-0.292835821
0.274559806,0.115200696,5943.217773,-0.288333333
0.265322971,0.098666144,6036.208984,-0.325714286
0.286955897,0.10620438,6372.01416,-0.229009009
0.278554655,0.064565328,6690.384277,-0.230447761
0.27776699,0.008745266,6952.006836,-0.563873518
0.244256963,-0.022288603,6184.227539,-0.07153269
0.240921299,-0.00767408,6820.959961,-0.151182573
0.233122981,-0.032330282,6790.99707,0.080580076
0.213198999,0.012811255,7203.076172,0.032647363
0.22588411,0.011439056,8107.647461,0.234204655
0.21744684,0.010545416,8298.727539,0.033597765
0.205186851,-0.001750539,8002.107422,0.228707924
0.210312291,-0.011848862,7972.620605,0.141914894
0.213160634,-0.004616349,8205.5,0.170628076
0.195325767,-0.004548008,7841.932617,0.125212796
0.176744776,0.031804044,7895.553711,0.091247049
0.172336236,0.051388775,8098.921387,0.030361775
0.169345836,0.046768737,8233.084961,0.036463002
0.204739488,0.063106486,8578.669922,0.039564103
0.212574128,0.091727037,9384.276367,0.04816129
0.255112756,0.093667021,10288.33496,0.052895363
0.232940641,0.049851804,10776.30469,0.048732719
0.241704524,0.021872445,10899.90039,0.060073059
0.229857061,0.061457005,11145.09375,0.06832618
0.196303609,0.09660423,11042.54395,0.061268691
0.21319187,0.05151252,10833.46582,0.045495122
0.247679753,0.039906057,11938.60156,0.0625
0.295215845,0.007182939,12655.71191,0.053214073
0.356833696,-0.009767619,13038.52832,0.10191308
0.293460953,0.018107081,13573.23145,0.025737563
0.252251788,-0.131014275,13663.8252,0.099943336
0.149878525,-0.135297806,13095.35645,0.091537099
0.139946911,-0.108467419,12254.69531,0.0151
0.153746654,-0.068354505,12486.78906,0.00557193
0.159969727,-0.049868456,12812.17285,0.031148185
0.156959818,0.051848413,13492.31836,0.049584653
0.172329011,0.058468568,14034.1123,0.046201276
0.224513178,0.071305842,27813.28711,-0.017246535
0.233424543,0.069095006,29055.62305,-0.038165607
0.233689887,0.086158631,31851.92969,-0.033897597
0.249321714,0.090698274,34295.97656,-0.042293621
0.243122321,0.061728395,32543.07617,-0.088500401
0.224342277,0.081299321,33738.76563,-0.079827472
0.246930216,0.068341558,35691.60547,0.010829584
0.244436529,0.080649097,39000.78906,-0.008699901
0.273034779,0.073532441,43137.60547,-0.013913793
0.300992083,0.056165949,44825.39063,-0.017298011
0.282322485,0.02944019,45461.00781,-0.063296703
0.292696717,0.019910556,45957.4375,-0.006232877
0.26166906,0.041081643,47184.12891,0.034980507
0.228360586,0.03879838,47182.12109,0.036722712
0.211569301,0.042416016,48190.13672,0.085572705
0.187909228,0.037200751,48927.93359,0.064364407
0.177483048,0.036133029,50268.37891,0.101331169
0.167757133,0.044295071,52313.06641,0.0709095
0.170747035,0.050039664,55190.99609,0.038788306
0.178106699,0.052858929,59840.67188,0.087185386
0.191932385,0.078703582,64156.19141,0.080564199
0.175716995,0.07124326,65101.60938,0.076235121
0.172865034,0.053192253,67228.03906,0.074745691
0.158922736,0.072454453,70903.53125,0.046475945
0.16964758,0.072170472,75872.84375,0.037440688
0.180536777,0.09773229,86063.52344,0.048075365
0.197998309,0.104109225,93278.60938,0.048133001
0.210565394,0.127726441,104756.0859,0.043099495
0.225476196,0.141811756,118005.8594,0.024309788
0.241791987,0.13048449,127299.7266,-0.025765086
0.237667144,0.134319958,139238.875,-0.001109339
0.239655505,0.118196505,146807.0313,-0.014099343
0.236013089,0.108517039,157102.8906,-0.007259358
0.249145328,0.123099542,160767.5156,-0.001907651
0.269702694,0.125851778,168185.1563,-0.004406332
0.298448728,0.118167505,178853.6094,-0.016886134
0.309624983,0.111639468,196353.0469,-0.013735157
0.286744847,0.084473347,218229.9375,-0.000563158
0.247886145,0.034344414,204902.6719,0.069753524
0.211400995,-0.005645123,195508.4844,0.019508716
0.176051514,0.010680692,201171.2969,-0.0158
0.172394634,0.014098342,209437.8594,-0.006962371
0.194977668,0.022173163,214131.7031,0.002515337
0.182404231,0.062177805,217563.7969,0.000496948
0.204877946,0.086084521,227991.9375,0.003450976
0.249984968,0.142696598,678866.125,0.00099018
0.245381949,0.129128677,695266.875,-0.007795031
0.23992305,0.121583196,732181.0625,-0.067669617
0.254987671,0.121045836,782415.125,-0.128075899
0.268032154,0.122625836,817003.6875,-0.089642857
0.257164246,0.093693647,809881.1875,-0.105076336
0.245842125,0.112040047,883962.5,-0.024447174
0.244714515,0.111804374,932752.75,-0.006338912
0.238452442,0.119221128,990416.5,-0.041144279
0.239146629,0.12367999,1076979.625,-0.06269669
0.25345023,0.099541812,1139966.875,-0.013076063
0.254608335,0.072248762,1115353.625,0.025928599
0.239891262,0.066831392,1107747.125,0.033833605
0.226550034,0.072144144,1100792.375,0.061545687
0.224930993,0.074012257,1116943,0.073063688
0.220790213,0.069605657,1129173.5,0.09190969
0.213113025,0.07206857,1202951.375,0.072656146
0.213136802,0.070679825,1262063.25,0.06885399
0.217036878,0.072004794,1327056.625,0.062815465
0.217495367,0.0650867,1388423.625,0.070183425
0.220135502,0.06526979,1451212.5,0.06198679
0.216158142,0.057601037,1502684.75,0.069118388
0.210634757,0.045801189,1528693.5,0.075257271
0.188641179,0.048629957,1514929.5,0.039773631
0.185744808,0.051282979,1570155.875,0.022507719
0.191304237,0.071313921,1635086.5,0.050184409
0.189369551,0.074614174,1659484.75,0.054578127
0.188828462,0.073803365,1730860.875,0.03538183
0.192077423,0.065987729,1832098.125,0.013471074
0.196037879,0.061616126,1875024.625,0.004847561
0.204315997,0.057164483,1930855.5,0.019618959
0.204932821,0.060373858,1978189.5,0.007906872
0.212037779,0.057888503,1913135,0.000673315
0.207199194,0.051102674,1895623,-0.002115274
0.208361867,0.054082437,1905045.125,4.4843E-05
0.211578132,0.046551545,1907292.125,0.001726204
0.21488365,0.047652106,1993708.5,0.01680252
0.215697607,0.050553229,2109570.75,0.006264805
0.21241384,0.027189886,2161421.75,0.017531969
0.199862848,0.003070168,2111729,-0.005434606
0.199438317,-0.003353661,2116407.75,-0.0174
0.196546194,-0.002406161,2154116.5,-0.020465252
0.183581571,-0.007812728,2159438.75,-0.004684755
0.172421629,-0.004870376,2148611.5,7.37215E-05
0.167413666,0.00658085,2140824.25,0.00012763
0.370978758,0.221709318,1343607.75,-0.003686467
0.357799112,0.201768439,1430099.75,-0.00085924
0.356463747,0.201006954,1562533,-0.073644975
0.380198927,0.211428479,1687001.75,-0.14198032
0.363412191,0.190405446,1640737,-0.027611821
0.33905621,0.160345307,1695830.875,-0.028978917
0.32581082,0.166053059,1801636.625,-0.01633268
0.31509676,0.161757219,1920862.125,0.00036135
0.317653014,0.165279937,2081593.5,-0.001956522
0.3309146,0.157164465,2196741.5,-0.015627184
0.329825734,0.151140949,2255564.75,0.023368551
0.319451278,0.14837386,2245812.25,0.027816014
0.306945141,0.136599568,2208583.5,0.036234211
0.290055629,0.126041893,2176807.25,0.027092927
0.285878911,0.133232724,2193488.75,0.029568279
0.288001934,0.139530182,2247612,0.044004525
0.287559675,0.138223839,2409646.5,0.028538176
0.296533236,0.137640676,2569083.25,0.018375253
0.31324214,0.147343004,2833216,0.002244841
0.325331717,0.144092167,3066236.25,0.012180445
0.334092209,0.143533381,3310624.25,0.026973642
0.330139231,0.145700512,3520327.5,0.02799006
0.317458133,0.133217583,3646375.75,0.019804786
0.3052087,0.117714411,3751564,0.010635011
0.295111614,0.101144341,3891495,0.018685771
0.295430596,0.099378255,4086793.5,0.00371389
0.304002097,0.106748884,4185543.75,-0.012587195
0.29409212,0.103120048,4220555.5,-0.00169968
0.281970664,0.091233013,4122129.75,0.008375772
0.278315018,0.074747937,4077627.25,0.01148408
0.273847649,0.078002339,4168137,0.012403078
0.265454632,0.057796197,4192286.5,0.01022473
0.250301655,0.048633471,4203300.5,0.003575277
0.244644022,0.053797948,4263261,0.001099305
0.240511174,0.061701219,4345763,0.003780812
0.24600979,0.066375926,4362915.5,-0.001489792
0.247176348,0.063817035,4417873.5,0.003403934
0.241178194,0.067288685,4513596,-0.006300635
0.239622888,0.037618224,4411770,0.016514837
0.223613639,-0.00532481,4250640,0.010247096
0.213297228,0.015316159,4436785,0.0057
0.219038743,0.005088638,4383941,0.003501354
0.224192516,0.003693047,4451365,-0.000511236
0.233281383,0.010701433,4497593.5,-0.024591722
0.239317264,0.014535194,4483260.5,-0.004880144
0.289362657,0.176999014,231152.4063,-0.014979952
0.290953494,0.167240888,243270.875,-0.027955987
0.269351665,0.171883343,254228.3281,-0.039930796
0.25512654,0.179621466,272069.7813,-0.016123037
0.23594652,0.174335011,291046.8125,-0.032309266
0.23016947,0.133706348,288279.875,-0.045426942
0.219663496,0.140100258,302597.9375,-0.004931907
0.231129212,0.120211295,308476.1875,0.00435145
0.232462484,0.100663506,318608.625,0.022867018
0.226509119,0.10033072,323961.9063,0.029512529
0.2324287,0.097423182,333777.9063,0.012608696
0.213156637,0.095788573,325500.8438,0.031122014
0.206733152,0.086839787,317120.7813,0.022372792
0.205643205,0.091997084,316976.1875,0.016989961
0.210849502,0.119741085,324901.375,0.027763136
0.218534925,0.100954508,326081.8125,0.048066387
0.224459485,0.104500426,337152.625,0.051915407
0.227614329,0.097013113,338923.9688,0.030212551
0.242633327,0.107447318,354097.8125,0.034067524
0.238920698,0.120167057,373681.2813,0.045508906
0.23532864,0.108044932,392777.875,0.041143278
0.22921959,0.103483349,406288.0625,0.053242023
0.227017114,0.094342328,415250.1563,0.051679431
0.218904006,0.094612281,422025.5938,0.02198521
0.213124357,0.108602613,439445.625,0.025633559
0.215576887,0.121930528,458882.5313,0.007415864
0.220618599,0.126318321,480870.1875,-0.001817214
0.22298821,0.131866145,520884.5625,0.00521091
0.224643284,0.1200262,563794,0.005541619
0.234428861,0.135910886,600302.375,0.006889444
0.229227717,0.139226579,642040.8125,0.005863858
0.224516254,0.118801081,653609.375,-0.000438694
0.21348794,0.103213138,659987.1875,0.006392419
0.208740978,0.10988985,633102,0.007663925
0.205111664,0.123592632,648458.5625,0.003203425
0.205957013,0.119354703,660632,0.010839452
0.212650981,0.145271507,699539.1875,0.018884739
0.218081464,0.150919645,748952.9375,0.015107657
0.222813273,0.117450478,777505.9375,0.013112318
0.213029116,0.102738284,747450.25,-0.002760786
0.197381839,0.111328051,748577.8125,-0.0134
0.202824884,0.127138455,769241.125,-0.01452609
0.188987606,0.126017571,774321.875,-0.017583453
0.179406141,0.117045169,791584.6875,-0.007269259
0.180284401,0.103751388,796837.125,-0.005489127
0.234122372,0.083448276,45569.38281,-0.033448276
0.230309218,0.109700948,47645.08984,0.0025
0.249523568,0.116488821,51865.53906,-0.021967213
0.248831903,0.130311923,56924.84375,-0.052554113
0.278266891,0.077645895,55754.19531,-0.075914397
0.302011065,0.018528275,52594.60156,-0.097232598
0.268963541,0.061945001,54360.57422,-0.061181818
0.24397417,0.042383175,52751.82031,-0.018654822
0.235632508,0.029328821,53131.45703,-0.032266024
0.21385775,0.041070738,52970.25391,-0.041072319
0.216672894,0.027816989,52403.44922,-0.013321976
0.2470163,0.053941626,54456.54688,-0.031742984
0.257323689,0.039996383,55190.99609,0.056573427
0.258381097,0.058584985,58177.32031,0.012814628
0.263600029,0.050281201,60661.45313,-0.018889044
0.273497896,0.02458082,60929.16406,0.065842474
0.240945561,0.057978017,64176.25391,0.088509603
0.232633725,0.054225179,66580.99219,0.12170944
0.212529942,0.062078504,69565.03125,0.093807626
0.216329116,0.052552148,71428.38281,0.089016393
0.206743905,0.026179936,71410.17188,0.106542027
0.176602999,-0.007569076,70493.71094,0.072759036
0.178696352,-0.000255314,72403.21094,0.078679487
0.195329589,0.033059415,78766.54688,0.040220489
0.21294937,0.046854305,84503.98438,0.060007238
0.224255461,0.05131136,89450.97656,0.075117343
0.223449818,0.037615849,92766.13281,0.076132588
0.221497128,0.045852216,96413.0625,0.084597735
0.205579218,0.031771292,97869.5,0.053203728
0.21876794,0.038806313,103966.8203,0.019857921
0.208498139,0.050634601,105514.1641,0.039993555
0.214873401,0.073000186,109306.5234,0.02084004
0.219367677,0.068426776,112839.6875,0.046231014
0.232578096,0.076947032,116842,0.027107558
0.242180929,0.064965482,119036.9141,0.034686205
0.247459125,0.036946795,119647.5156,0.03882571
0.238988339,0.026093474,122816.6172,0.04870636
0.238903904,0.041467305,131652.25,0.042969157
0.226513306,0.005031168,129433.3672,0.028792311
0.200957529,0.02758287,131519.0938,0.001982097
0.196585608,0.025870798,136631.0938,-0.0143
0.198489034,0.031025928,141568.1563,0.016094513
0.205594283,0.030178459,143709.7813,0.011996963
0.212479124,0.057393984,151802.4375,0.015911646
0.221483251,0.05760002,156149,0.031657382
0.279864525,NaN,65895.92188,-0.017455133
0.305694044,NaN,69606.34375,-0.027297297
0.28858362,NaN,72004.92969,-0.029984247
0.300635737,NaN,76389.10938,-0.048786635
0.31794333,NaN,78562.02344,-0.062363344
0.347584216,NaN,80107.08594,-0.041606715
0.37090236,NaN,83278.77344,-0.030509666
0.372198689,NaN,85767.25,-0.021385979
0.317785213,0.094059568,88310.1875,0.022309985
0.304868304,0.098711473,93574.19531,-0.018819346
0.278962797,0.146739182,101127.0547,-0.046305324
0.281713254,0.154186289,102582.5234,-0.023745413
0.283331478,0.132363816,101247.5,0.007864166
0.288971372,0.138888086,102536.8828,0.03712015
0.275190232,0.167131964,108332.2656,0.045479217
0.259815932,0.160115007,111424.2344,0.034976686
0.288092894,0.094582867,108856.8906,0.060815534
0.291208506,0.08646584,108939.8359,0.071023754
0.296757639,0.073284404,107403.7266,0.074469367
0.26851341,0.084136403,109857.6719,0.068853666
0.228350625,0.085845358,112534.7969,0.07086191
0.217498832,0.076261222,115381.8516,0.076505576
0.208774396,0.06733916,116846.4063,0.087335464
0.213010288,0.067893383,121060.5,0.055935502
0.216247995,0.080676026,126214.4609,0.042983329
0.214393993,0.100364024,132909.9688,0.054919664
0.218227348,0.126422145,145259.9844,0.034206617
0.235513316,0.147624163,158472.875,0.032356503
0.265149692,0.108068144,159522.4531,0.076699279
0.234660477,0.131743595,170545.9063,0.044178513
0.198158216,0.214230528,196342.2813,0.059855992
0.195254972,0.20991445,196899.2969,0.072086838
0.194380652,0.170982726,193016.9375,0.060204678
0.188682111,0.162876564,195543.4844,0.037820703
0.195977398,0.194218681,215004.7344,0.022277917
0.203349318,0.249838356,233581.3906,0.019225971
0.209269394,0.268641167,257028.3281,0.047673592
0.234456421,0.254244826,272330.9063,0.024831741
0.224383391,0.276200017,294243.8125,0.018345015
0.231056288,0.191182196,271692.4375,-0.00646068
0.205801422,0.203326218,284315.0313,0.007
0.213164669,0.22583098,301605.4063,0.010392399
0.222405646,0.234777122,320193.625,-0.006270339
0.233507232,0.224543442,330957.9063,-0.005251464
0.23540881,0.226199389,330882.4688,-0.00923095
0.248497444,0.156491831,67954.47656,-0.038684211
0.264538605,0.148233487,73285.75781,-0.055637255
0.28977777,0.187994723,79609.66406,-0.063139013
0.28679193,0.189057421,88263.67969,-0.226422764
0.278149811,0.109058134,87310.35938,-0.128821656
0.277284256,0.046615322,81843.16406,-0.117539683
0.268121612,0.06555773,86553.70313,-0.207930649
0.283465742,0.0911312,91313.9375,-0.096713533
0.298686549,0.118663818,94102.5,-0.05495702
0.284319391,0.137448053,98047.28125,0.012946636
0.30567477,0.132440657,100304.0313,-0.020795229
0.330013119,0.107251986,97814.19531,-0.046821192
0.332340769,0.095521401,98747.17969,-0.061012146
0.312144922,0.092201408,97177.1875,-0.03802589
0.252193993,0.085143354,93807.42969,0.05360134
0.233166668,0.098012843,97067.89063,0.07239412
0.236476437,0.119919754,107199.9141,0.066357657
0.261729317,0.134107085,115162.9922,0.048207331
0.278995475,0.131262203,125082.6719,0.008629243
0.271168338,0.139636516,133720.6563,0.01124942
0.267241731,0.125707855,144183.1719,0.035819873
0.254176843,0.096895067,151139.9063,0.110599078
0.241665043,0.090242893,158453.4688,0.154665381
0.226592332,0.05691793,158822.0313,0.057886876
0.226826562,0.046153846,169197.6875,0.047523784
0.232690966,0.053550771,177436.7813,0.053672951
0.237964421,0.043359371,183557.3438,0.045484039
0.259837068,0.050489952,197278.2188,0.024242291
0.273337222,0.056838892,210049.2344,0.006949879
0.275786011,0.052859018,223136.5,0.001574535
0.279910666,0.025173976,230918.6094,0.003556553
0.273671502,0.023478222,235426.0938,-0.002883114
0.258428357,0.014541018,238886.2188,-0.005377681
0.237450733,0.001471011,238426.8594,-0.003616657
0.233939913,-0.008098601,242627.2031,-0.002848863
0.230974465,-0.028805002,252983.625,-0.004959954
0.225007766,-0.037209246,264877.8438,0.006895217
0.224811587,-0.030501288,279719.3438,0.014107695
0.228376879,-0.057470943,282869.75,0.033345902
0.211497263,-0.064275455,286058.9375,-0.003993105
0.205289627,-0.064341688,291401.3125,-0.0265
0.184210901,-0.046972475,284569.4063,-0.017785818
0.158386554,-0.044460148,285121,0.004777762
0.147542652,-0.021847782,289294.4375,0.005308463
0.150180413,-0.024705481,296220.4375,-0.004381712
0.270445789,0.136752137,368973.6875,-0.016712062
0.247300025,0.136314461,388201.1563,-0.034532374
0.258947675,0.147886397,421938.0938,-0.062769486
0.274299821,0.156599308,453940.8125,-0.097973174
0.290279493,0.144500937,465255.5625,-0.098597169
0.274187786,0.129599149,471467.9063,-0.106211454
0.258593931,0.10567737,494390.5313,-0.175318352
0.248239632,0.108078078,515588.125,-0.117434361
0.235061341,0.114778532,537160.9375,-0.066746598
0.223850684,0.101418892,547430.9375,-0.075974362
0.228951292,0.078178892,555693.25,-0.036569906
0.227733809,0.05278352,521101.125,-0.038762459
0.225433193,0.05154767,506543.0938,0.062159864
0.219272722,0.047257757,493142.3438,0.101246468
0.200963969,0.060433928,487294.125,0.036595867
0.206375656,0.06695646,484285.5625,0.017183544
0.211856612,0.083896626,519847.8438,0.066076364
0.224254428,0.084942772,560832.375,0.086393688
0.242571133,0.094488549,604685.6875,0.05614775
0.25648287,0.092511672,649382.0625,0.07813561
0.259000197,0.093388407,693317.75,0.087720783
0.25161211,0.089075032,729922.5625,0.065673339
0.231620103,0.073700497,753500.5625,0.086803384
0.212934933,0.068068278,754999,0.042850337
0.211418332,0.062958338,789341.3125,0.027047568
0.2202174,0.085521088,835169.5625,0.054478417
0.218081444,0.082587419,865099.375,0.04281553
0.222604425,0.088825574,925772.0625,0.029047197
0.234038214,0.093408081,1000259.875,0.007003484
0.248744776,0.091513606,1042916.625,-0.004332425
0.261443714,0.088388395,1100088.125,0.011541096
0.262315447,0.087847806,1149059.375,0.001857915
0.266238082,0.092601243,1204278.125,-0.002971256
0.27654604,0.098351903,1215641.625,-0.010288519
0.285237167,0.086295884,1274065.5,-0.01369742
0.298917003,0.076805944,1325804.125,-0.012684353
0.310529835,0.073012796,1449191.125,0.007092518
0.31046431,0.065545467,1579546.125,-0.00077752
0.29211786,0.047691871,1611753.25,0.027943565
0.243272223,0.038551149,1582831.375,-0.008018935
0.230348788,0.028258518,1550322.75,-0.022
0.214761966,0.012527875,1534066.875,-0.014418605
0.197968181,0.016215312,1526908.125,-0.006593833
0.18756301,0.023360185,1533107.625,0.003992398
0.191253827,0.025685977,1566549.125,0.005544372
0.282674479,0.306200812,158662.2344,-0.003776479
0.275618985,0.287083276,159282.0781,0.000486054
0.278793514,0.274811618,162492.2969,-0.017394095
0.274894907,0.286889957,168521.9844,-0.04921828
0.269886577,0.251858595,170649.4531,-0.036784225
0.262916928,0.272628675,178648.3594,-0.036183757
0.266213508,0.221505926,179998.1719,-0.051636322
0.265346016,0.138298331,173374.0313,-0.019310904
0.244412918,0.128966254,173169.5625,-0.002349386
0.249340482,0.132902023,179880.125,-0.066039824
0.254137698,0.093526115,180696.3594,-0.021466136
0.239082943,0.073131211,180094.6563,0.0310852
0.237384501,0.058480539,180691.6406,0.012690288
0.241043755,0.078350674,183225.4531,0.006735864
0.24501807,0.107716977,193355.25,0.016397989
0.257024908,0.10485268,197323.0938,0.060662144
0.245669007,0.111505319,207505.9844,0.040189894
0.255828214,0.11404343,215880.3906,0.017049982
0.267049835,0.11999277,225061.625,0.01743648
0.292159818,0.126248845,235008.875,-0.012365044
0.288581822,0.11116885,239233.0938,0.017616614
0.2589241,0.078366158,237518.7031,0.071273391
0.227922219,0.048058693,236307.375,0.042033727
0.192427657,0.017743376,230012.5625,0.045561336
0.192680946,0.066439353,244949.9375,0.028537544
0.195084101,0.104075151,261928.6875,0.06672537
0.200251032,0.097849666,267307.4063,0.043645898
0.197394988,0.100120292,279860.0625,0.026333053
0.206014794,0.106448874,295499.4063,0.017967307
0.213754785,0.112528789,314440.7813,0.002091127
0.220963821,0.119963048,331996,-0.002850567
0.224659723,0.118095096,329363.1875,-0.002810804
0.216532237,0.109620464,328767.3438,0.025822525
0.212710172,0.126764835,332024.5313,0.031052169
0.215864947,0.128878852,344346.7813,0.020311128
0.221375327,0.135667439,332802.4375,0.003840233
0.229999151,0.163616892,355543.625,-0.002034724
0.23888788,0.178882475,387134.5313,-0.001817106
0.243199977,0.165479739,393074.3438,0.047472058
0.22317196,0.101195101,374756.3125,0.000759541
0.22253305,0.128633458,393006.0313,-0.0246
0.226915774,0.126254965,410223.5313,0.008633491
0.226384064,0.115129451,420255.5625,0.017941325
0.223386824,0.108489356,425734,0.011829914
0.230500351,0.114340435,432748,0.010482439
0.335326076,NaN,168114.1094,-0.028447242
0.356336518,NaN,176535.3906,-0.028866704
0.361592349,NaN,183673.3125,-0.050052743
0.357917313,NaN,188639.6406,-0.05272066
0.335741099,NaN,188998.6719,-0.011931743
0.292543477,NaN,175429.2813,0.012815735
0.250848925,NaN,175634.8594,0.007176878
0.252657186,NaN,177972.0313,0.004348875
0.260966719,NaN,184057.6094,-0.026388944
0.265756961,NaN,187949.1875,-0.020291635
0.289676521,NaN,193365.5313,-0.034920693
0.292599249,NaN,194056.7188,0.003366817
0.277702703,NaN,194532.3906,0.015332732
0.284163717,NaN,197167.6563,0.011028335
0.281835465,NaN,204524.6094,0.005655941
0.285273634,NaN,208838.8281,0.032521687
0.29241625,NaN,220259.2656,0.025599762
0.295441515,NaN,225836.4063,0.00612103
0.312033454,NaN,231520.5469,0.003399885
0.317133223,NaN,240266.2344,0.006115288
0.311896299,0.139907385,251505.8906,0.001207557
0.298866766,0.117103393,250070.7813,0.029695533
0.268306481,0.088124364,248110.5781,0.027254408
0.251327505,0.10317994,251483.5625,0.031405343
0.253707927,0.105389842,259026.9531,0.017035928
0.253028169,0.116890605,262144.0938,0.006742081
0.243008613,0.111784198,267600.8438,0.004838999
0.240796162,0.134072047,281275.75,0.009776761
0.248845033,0.143460429,294490.8438,0.001741993
0.25087353,0.144599783,297386.375,-0.010384615
0.25341074,0.165088202,305530.5,0.030080663
0.246290721,0.131927165,305178.25,0.016131948
0.245733072,0.09981932,304237.5,0.006064994
0.239464056,0.138843707,299566,-0.000492327
0.24480708,0.140076302,306354.5625,0.000765144
0.244565289,0.17368754,317971.125,0.004446186
0.24384341,0.189574913,344042.9375,0.017658463
0.245114654,0.14534271,378536.0625,0.008172347
0.241825178,0.075566515,399927.1563,0.014810101
0.227059199,0.12951976,399753.75,0.000552059
0.228377395,0.184496804,407596.0313,0.0052
0.233851951,0.143191687,436559.9375,0.009384166
0.237011971,0.14512252,460269.5938,0.004710167
0.234991819,0.141412089,473182.9688,0.002600685
0.23799716,0.118957601,480110.6563,0.013979207
0.234643678,0.099924703,843932.0625,-0.023717817
0.23535463,0.090141308,858432.875,-0.020621469
0.231045357,0.077747083,886394.125,-0.002348285
0.246825884,0.081482047,929486.4375,-0.030225443
0.261953997,0.051676627,869943.25,-0.127192922
0.254762468,0.041766568,866802.5625,-0.053421788
0.251379938,0.050675937,907256.5,-0.015621706
0.238580867,0.058760344,954395.8125,-0.012747207
0.234662123,0.059887077,1028903.25,-0.009123042
0.236010792,0.055848485,1092312.875,-0.009919137
0.227688477,0.037853203,1116202,0.021496288
0.206330537,0.027021201,1094011.125,0.057714769
0.206357034,0.028913145,1097571.625,0.053925717
0.204710524,0.034089678,1124439.625,0.040962079
0.216843449,0.036207364,1135733.875,0.034199315
0.216982484,0.037104165,1168065.625,0.079441221
0.215224722,0.030333089,1199685.75,0.067384146
0.223633361,0.033625388,1265695,0.044589423
0.24297125,0.033496133,1342672.25,0.077000992
0.254224387,0.03381217,1386590.25,0.078460269
0.235026483,0.025076623,1417084.625,0.063625861
0.206778619,0.016655195,1401382.125,0.060990763
0.193074773,0.011742565,1414992.5,0.043603551
0.18443838,0.012873481,1464739.875,0.034237805
0.188690916,0.027661179,1519652.375,0.034592447
0.183236399,0.03047406,1589474.625,0.039116178
0.18874566,0.03125546,1674592.625,0.041181368
0.176970885,0.040602649,1801385.75,0.056928845
0.182049927,0.047738058,1888442,0.049052721
0.182098599,0.030454218,1962497.625,0.047063492
0.181710356,0.038276821,2088803.375,0.047573819
0.177770341,0.032315552,2143772,0.027726334
0.178410134,0.027561459,2175498.25,0.026194478
0.172909311,0.026026823,2197157.75,0.024000888
0.171893991,0.021408964,2289328.5,0.027170522
0.173922783,0.0305642,2318674.5,0.021525822
0.175974345,0.021615175,2404280.75,0.026840456
0.180498272,0.024396266,2456709,0.019024057
0.173342914,0.008815715,2421007.5,-0.00174372
0.155702128,-0.016636184,2323915.25,-0.028057851
0.156245807,0.00132215,2288598.25,-0.0396
0.156749417,0.010134044,2304464.75,-0.023049014
0.159256115,-0.006956832,2389794.25,-0.020700717
0.161088733,-0.008409008,2500343.75,-0.009707217
0.165979874,-0.00350237,2588790.5,0.004552653
0.211770972,0.084990575,4945543,0.012527344
0.211580791,0.083321202,5111621.5,0.013451319
0.218117446,0.091047675,5389620.5,-0.017043796
0.22168529,0.110073228,5703701,-0.035456554
0.21739028,0.09238229,5598600,-0.013411936
0.205992813,0.065551242,5567926.5,0.002891859
0.21077532,0.074718242,5897896,-0.012250958
0.224092944,0.082104997,6167635,-0.016646276
0.236849304,0.094672301,6523868.5,-0.01763369
0.243821213,0.092195219,6707675,-0.015175728
0.23489276,0.071483893,6588726,0.025498095
0.2331908,0.08103381,6777818.5,0.059594387
0.225081712,0.05787609,6643039,0.054983616
0.223860152,0.043682247,6987811.5,0.041873905
0.234579217,0.071819364,7556971.5,0.04802319
0.236429903,0.05689329,7884135,0.056560284
0.235429719,0.040445257,8144059.5,0.017594509
0.229900967,0.04603799,8399763,0.019915612
0.224054697,0.05668095,8748274,0.016687258
0.219601771,0.049047023,9065519,0.015998241
0.212267298,0.038588773,9203227,0.025510147
0.20065134,0.036736058,9191710,0.010840634
0.197697031,0.029502092,9530917,0.00047397
0.200313271,0.023879159,9827602,0.003886792
0.203436919,0.033325101,10262589,0.019550603
0.20798244,0.040026174,10550124,0.023163995
0.212489962,0.0500374,10988194,0.026643959
0.21539154,0.063146315,11538199,0.034377123
0.221473605,0.068445209,12132393,0.023196897
0.226884309,0.062388206,12720219,0.016225946
0.230385845,0.058875451,13222419,0.031761428
0.224119181,0.043730907,13355489,-0.0025867
0.214079782,0.02992499,13591523,-0.015169414
0.214924162,0.02292777,13961596,-0.006789948
0.220064835,0.025662554,14499944,-0.001441353
0.227679302,0.027234036,14958727,0.02023113
0.228496643,0.036958656,15353601,0.033944024
0.221133914,0.016299347,15605977,0.009115312
0.210036245,-0.006453543,15357469,0.008544663
0.185363907,-0.02083719,15005201,-0.011363452
0.179834269,-0.008293833,15368666,-0.0241
0.182756349,-0.001035641,15590957,-0.013147538
0.189681081,0.020242825,15976742,-0.00712627
0.192086495,0.025256602,16274530,-0.00878756
0.196372263,0.034037975,16704698,0.006302616
